,date,sn,model,cap_b,cap_gb,cap_tb,failure,reallocated_sector_count,operational_hours,turned_off_on,uncorrectable_errors,command_timeout,high_fly_writes,pending_sector_count,uncorrectable_sector_count
0,2019-01-01,ZA18197Z,ST8000NM0055,8001563222016,8001,8,1,29616.0,12419.0,5.0,112.0,0.0,0.0,0.0,0.0
1,2019-01-01,S300YTAY,ST4000DM000,4000787030016,4000,4,1,760.0,31801.0,13.0,0.0,0.0,0.0,0.0,0.0
2,2019-01-01,S300ZREZ,ST4000DM000,4000787030016,4000,4,1,40.0,30678.0,8.0,51.0,0.0,0.0,24.0,24.0
3,2019-01-01,ZA180YM3,ST8000NM0055,8001563222016,8001,8,1,0.0,12921.0,6.0,0.0,0.0,0.0,0.0,0.0
4,2019-01-02,ZDEB35E7,ST500LM030,500107862016,500,0,1,0.0,3204.0,3.0,0.0,8590065666.0,0.0,0.0,0.0
5,2019-01-02,ZCH07RLC,ST12000NM0007,12000138625024,12000,12,1,304.0,10512.0,2.0,0.0,0.0,,0.0,0.0
6,2019-01-02,ZA120GQQ,ST8000DM002,8001563222016,8001,8,1,5224.0,22207.0,4.0,22.0,0.0,0.0,0.0,0.0
7,2019-01-02,Z302T6AB,ST4000DM000,4000787030016,4000,4,1,32.0,29239.0,4.0,38.0,0.0,0.0,424.0,424.0
8,2019-01-02,Z3026Q5Y,ST4000DM000,4000787030016,4000,4,1,0.0,29455.0,14.0,4.0,0.0,0.0,32.0,32.0
9,2019-01-03,W300THEG,ST4000DM000,4000787030016,4000,4,1,920.0,31926.0,1.0,14.0,0.0,0.0,8.0,8.0
10,2019-01-03,WCT0EJDY,ST8000DM004,8001563222016,8001,8,1,0.0,4956.0,1.0,0.0,21475164165.0,0.0,0.0,0.0
11,2019-01-03,ZCH0C6VX,ST12000NM0007,12000138625024,12000,12,1,0.0,8567.0,3.0,0.0,0.0,,0.0,0.0
12,2019-01-03,S2ZYJ9CG108681,ST500LM012 HN,500107862016,500,0,1,0.0,21704.0,14.0,,,,0.0,0.0
13,2019-01-03,ZA11QHJ1,ST8000DM002,8001563222016,8001,8,1,5000.0,22109.0,4.0,13.0,0.0,0.0,0.0,0.0
14,2019-01-03,ZCH08BSC,ST12000NM0007,12000138625024,12000,12,1,28016.0,10693.0,5.0,22.0,0.0,,0.0,0.0
15,2019-01-03,ZCH0931T,ST12000NM0007,12000138625024,12000,12,1,5220.0,8568.0,3.0,1.0,4295032833.0,,0.0,0.0
16,2019-01-04,ZA13R2NE,ST8000DM002,8001563222016,8001,8,1,20520.0,18394.0,5.0,6.0,0.0,0.0,0.0,0.0
17,2019-01-04,ZCH075WD,ST12000NM0007,12000138625024,12000,12,1,3864.0,10734.0,2.0,0.0,0.0,,0.0,0.0
18,2019-01-04,ZA18145R,ST8000NM0055,8001563222016,8001,8,1,0.0,12310.0,6.0,3.0,0.0,0.0,8.0,8.0
19,2019-01-05,ZJV0WCS2,ST12000NM0007,12000138625024,12000,12,1,0.0,3862.0,5.0,0.0,4295032833.0,,0.0,0.0
20,2019-01-05,ZDEB1F1G,ST500LM030,500107862016,500,0,1,0.0,1950.0,4.0,0.0,8590065666.0,0.0,0.0,0.0
21,2019-01-05,66GHS5MMS,TOSHIBA MQ01ABF050,500107862016,500,0,1,0.0,16011.0,6.0,,,,8.0,0.0
22,2019-01-06,ZA18CEVN,ST8000NM0055,8001563222016,8001,8,1,32.0,11767.0,2.0,3.0,0.0,0.0,8.0,8.0
23,2019-01-06,ZCH07H2T,ST12000NM0007,12000138625024,12000,12,1,8.0,10601.0,3.0,1.0,0.0,,0.0,0.0
24,2019-01-07,S2ZYJ9FG404776,ST500LM012 HN,500107862016,500,0,1,0.0,27522.0,9.0,,,,1.0,0.0
25,2019-01-07,ZCH076TV,ST12000NM0007,12000138625024,12000,12,1,0.0,9489.0,3.0,0.0,0.0,,0.0,0.0
26,2019-01-07,ZCH07JDQ,ST12000NM0007,12000138625024,12000,12,1,13744.0,9483.0,4.0,7.0,2.0,,0.0,0.0
27,2019-01-07,ZCH06ZQA,ST12000NM0007,12000138625024,12000,12,1,5840.0,10782.0,2.0,21.0,0.0,,0.0,0.0
28,2019-01-07,ZJV0WEQM,ST12000NM0007,12000138625024,12000,12,1,21320.0,3909.0,3.0,39.0,0.0,,0.0,0.0
29,2019-01-07,ZA13R3XX,ST8000DM002,8001563222016,8001,8,1,7542.0,17234.0,2.0,9.0,0.0,0.0,0.0,0.0
30,2019-01-07,188DT93WT,TOSHIBA MQ01ABF050M,500107862016,500,0,1,0.0,3909.0,8.0,,,,0.0,0.0
31,2019-01-07,ZJV0DH3Q,ST12000NM0007,12000138625024,12000,12,1,0.0,6496.0,7.0,0.0,0.0,,0.0,0.0
32,2019-01-08,PL2331LAH9R55J,HGST HMS5C4040BLE640,4000787030016,4000,4,1,20.0,15943.0,8.0,,,,56.0,0.0
33,2019-01-08,Z3040Z4M,ST4000DM000,4000787030016,4000,4,1,0.0,27534.0,5.0,0.0,0.0,0.0,0.0,0.0
34,2019-01-08,ZCH0DVJN,ST12000NM0007,12000138625024,12000,12,1,0.0,7993.0,3.0,0.0,0.0,,0.0,0.0
35,2019-01-08,ZCH0B8ZF,ST12000NM0007,12000138625024,12000,12,1,1085.0,9102.0,3.0,1.0,0.0,,0.0,0.0
36,2019-01-08,ZA13ZS5A,ST8000DM002,8001563222016,8001,8,1,512.0,17257.0,5.0,1.0,0.0,0.0,8.0,8.0
37,2019-01-08,ZA180YYT,ST8000NM0055,8001563222016,8001,8,1,0.0,12582.0,2.0,0.0,0.0,0.0,0.0,0.0
38,2019-01-08,ZCH09257,ST12000NM0007,12000138625024,12000,12,1,1840.0,8473.0,3.0,5.0,0.0,,0.0,0.0
39,2019-01-09,ZA11X9WD,ST8000DM002,8001563222016,8001,8,1,1384.0,21628.0,8.0,1.0,0.0,0.0,0.0,0.0
40,2019-01-09,ZCH06TSA,ST12000NM0007,12000138625024,12000,12,1,0.0,10210.0,2.0,0.0,0.0,,8.0,8.0
41,2019-01-10,Z304JMZP,ST4000DM000,4000787030016,4000,4,1,0.0,28608.0,14.0,0.0,0.0,0.0,0.0,0.0
42,2019-01-10,87DFWOG3T,TOSHIBA MQ01ABF050,500107862016,500,0,1,0.0,10371.0,4.0,,,,40.0,0.0
43,2019-01-10,ZA153S9S,ST8000NM0055,8001563222016,8001,8,1,24.0,13754.0,3.0,0.0,0.0,0.0,0.0,0.0
44,2019-01-10,ZA180QHT,ST8000NM0055,8001563222016,8001,8,1,10.0,11977.0,2.0,0.0,0.0,0.0,24.0,24.0
45,2019-01-10,ZCH06WP8,ST12000NM0007,12000138625024,12000,12,1,800.0,10872.0,7.0,0.0,0.0,,0.0,0.0
46,2019-01-10,ZJV00N9A,ST12000NM0007,12000138625024,12000,12,1,0.0,8759.0,4.0,0.0,0.0,,0.0,0.0
47,2019-01-10,ZCH08VPK,ST12000NM0007,12000138625024,12000,12,1,47616.0,8744.0,2.0,95.0,0.0,,0.0,0.0
48,2019-01-10,Z304ZBFY,ST4000DM000,4000787030016,4000,4,1,0.0,25226.0,6.0,18.0,0.0,0.0,8.0,8.0
49,2019-01-10,ZCH0BMML,ST12000NM0007,12000138625024,12000,12,1,6216.0,8763.0,5.0,2.0,25770262539.0,,0.0,0.0
50,2019-01-10,ZCH06MRJ,ST12000NM0007,12000138625024,12000,12,1,40.0,10470.0,2.0,13.0,0.0,,40.0,40.0
51,2019-01-11,ZCH07WGZ,ST12000NM0007,12000138625024,12000,12,1,61752.0,10112.0,4.0,21.0,0.0,,0.0,0.0
52,2019-01-11,S2ZYJ9CF715329,ST500LM012 HN,500107862016,500,0,1,0.0,36968.0,14.0,,,,1.0,0.0
53,2019-01-11,PL2331LAH3HXGJ,HGST HMS5C4040BLE640,4000787030016,4000,4,1,0.0,24319.0,9.0,,,,0.0,0.0
54,2019-01-11,ZCH07HK7,ST12000NM0007,12000138625024,12000,12,1,5768.0,9575.0,2.0,8.0,0.0,,0.0,0.0
55,2019-01-11,ZCH06L88,ST12000NM0007,12000138625024,12000,12,1,0.0,10877.0,9.0,0.0,0.0,,0.0,0.0
56,2019-01-11,ZA174KNX,ST8000NM0055,8001563222016,8001,8,1,8.0,13280.0,2.0,0.0,0.0,0.0,80.0,80.0
57,2019-01-11,ZA1814EZ,ST8000NM0055,8001563222016,8001,8,1,64.0,12655.0,3.0,0.0,0.0,0.0,0.0,0.0
58,2019-01-12,ZCH077G2,ST12000NM0007,12000138625024,12000,12,1,0.0,10141.0,7.0,0.0,0.0,,0.0,0.0
59,2019-01-13,S301GM8H,ST4000DM000,4000787030016,4000,4,1,0.0,28131.0,5.0,18.0,0.0,0.0,80.0,80.0
60,2019-01-13,S301GPB1,ST4000DM000,4000787030016,4000,4,1,0.0,29312.0,3.0,21.0,0.0,0.0,16.0,16.0
61,2019-01-13,S301GS1L,ST4000DM000,4000787030016,4000,4,1,0.0,29307.0,2.0,23.0,0.0,0.0,48.0,48.0
62,2019-01-13,Z303XYPJ,ST4000DM000,4000787030016,4000,4,1,0.0,27968.0,6.0,9.0,0.0,0.0,8.0,8.0
63,2019-01-14,96ICTBPQT,TOSHIBA MQ01ABF050,500107862016,500,0,1,0.0,17078.0,7.0,,,,0.0,0.0
64,2019-01-14,PL1331LAHEZ7JH,HGST HMS5C4040BLE640,4000787030016,4000,4,1,0.0,16699.0,5.0,,,,24.0,0.0
65,2019-01-14,Z302T7JZ,ST4000DM000,4000787030016,4000,4,1,0.0,29034.0,11.0,0.0,0.0,0.0,0.0,0.0
66,2019-01-14,S301GQA4,ST4000DM000,4000787030016,4000,4,1,0.0,28137.0,2.0,0.0,0.0,0.0,0.0,0.0
67,2019-01-14,Z303Y470,ST4000DM000,4000787030016,4000,4,1,0.0,29300.0,22.0,0.0,2.0,0.0,0.0,0.0
68,2019-01-15,ZJV03KEK,ST12000NM0007,12000138625024,12000,12,1,0.0,6014.0,6.0,0.0,0.0,,32.0,32.0
69,2019-01-15,ZCH07F4G,ST12000NM0007,12000138625024,12000,12,1,8744.0,9546.0,1.0,8.0,0.0,,0.0,0.0
70,2019-01-15,ZA17347A,ST8000NM0055,8001563222016,8001,8,1,0.0,13372.0,2.0,0.0,0.0,0.0,0.0,0.0
71,2019-01-15,ZA18106W,ST8000NM0055,8001563222016,8001,8,1,216.0,12564.0,4.0,0.0,0.0,0.0,0.0,0.0
72,2019-01-15,ZCH0CCQ7,ST12000NM0007,12000138625024,12000,12,1,8688.0,8864.0,1.0,0.0,0.0,,0.0,0.0
73,2019-01-15,S300Z60X,ST4000DM000,4000787030016,4000,4,1,0.0,32136.0,3.0,6.0,0.0,0.0,8.0,8.0
74,2019-01-15,Z3059CCB,ST4000DM000,4000787030016,4000,4,1,0.0,26339.0,8.0,5.0,0.0,0.0,8.0,8.0
75,2019-01-16,ZA21CC6L,ST10000NM0086,10000831348736,10000,10,1,390.0,11634.0,1.0,3.0,0.0,22.0,16.0,16.0
76,2019-01-16,ZA1814JM,ST8000NM0055,8001563222016,8001,8,1,0.0,12595.0,5.0,0.0,0.0,0.0,0.0,0.0
77,2019-01-16,Z302F0C0,ST4000DM000,4000787030016,4000,4,1,0.0,34524.0,10.0,0.0,1.0,0.0,0.0,0.0
78,2019-01-16,ZJV2E9J0,ST12000NM0007,12000138625024,12000,12,1,0.0,769.0,1.0,0.0,0.0,,0.0,0.0
79,2019-01-17,Z3025LXD,ST4000DM000,4000787030016,4000,4,1,1816.0,36601.0,14.0,4.0,0.0,6.0,6536.0,6536.0
80,2019-01-17,ZA180QC8,ST8000NM0055,8001563222016,8001,8,1,0.0,12141.0,2.0,5.0,0.0,0.0,464.0,464.0
81,2019-01-17,ZA12XGTD,ST8000NM0055,8001563222016,8001,8,1,24.0,14254.0,2.0,2.0,0.0,0.0,16.0,16.0
82,2019-01-17,ZA15YBJM,ST8000NM0055,8001563222016,8001,8,1,0.0,12309.0,4.0,0.0,0.0,0.0,0.0,0.0
83,2019-01-17,ZCH0CJPF,ST12000NM0007,12000138625024,12000,12,1,3325.0,9068.0,5.0,0.0,4295032833.0,,0.0,0.0
84,2019-01-17,Z304JWPG,ST4000DM000,4000787030016,4000,4,1,8.0,28212.0,6.0,18.0,0.0,0.0,40.0,40.0
85,2019-01-18,ZA11J9ZY,ST8000DM002,8001563222016,8001,8,1,48.0,21847.0,5.0,0.0,0.0,0.0,0.0,0.0
86,2019-01-18,ZA18183R,ST8000NM0055,8001563222016,8001,8,1,16.0,12642.0,7.0,0.0,0.0,0.0,0.0,0.0
87,2019-01-19,PL1331LAHD5RRH,HGST HMS5C4040BLE640,4000787030016,4000,4,1,0.0,14298.0,2.0,,,,0.0,0.0
88,2019-01-19,Z300PQPQ,ST4000DM000,4000787030016,4000,4,1,0.0,35217.0,13.0,0.0,0.0,0.0,0.0,0.0
89,2019-01-20,ZA171RQB,ST8000NM0055,8001563222016,8001,8,1,0.0,15120.0,4.0,0.0,0.0,0.0,0.0,0.0
90,2019-01-21,Z302F2WA,ST4000DM000,4000787030016,4000,4,1,1832.0,34655.0,4.0,7.0,2.0,0.0,96.0,96.0
91,2019-01-21,S301NKQV,ST4000DM000,4000787030016,4000,4,1,8.0,28317.0,14.0,30.0,0.0,0.0,40.0,40.0
92,2019-01-21,ZA12X0AP,ST8000NM0055,8001563222016,8001,8,1,0.0,14346.0,1.0,0.0,0.0,0.0,0.0,0.0
93,2019-01-21,S2ZYJ9CF504029,ST500LM012 HN,500107862016,500,0,1,0.0,36163.0,24.0,,,,0.0,0.0
94,2019-01-21,ZA126676,ST8000DM002,8001563222016,8001,8,1,40.0,21684.0,5.0,20.0,0.0,0.0,8.0,8.0
95,2019-01-21,ZCH0840Z,ST12000NM0007,12000138625024,12000,12,1,7240.0,10517.0,2.0,6.0,0.0,,40.0,40.0
96,2019-01-21,Z302T6A8,ST4000DM000,4000787030016,4000,4,1,0.0,30137.0,29.0,1.0,0.0,0.0,384.0,384.0
97,2019-01-21,Z304HSVA,ST4000DM000,4000787030016,4000,4,1,0.0,27462.0,14.0,2.0,0.0,0.0,8.0,8.0
98,2019-01-21,Z3025M1G,ST4000DM000,4000787030016,4000,4,1,0.0,37418.0,17.0,6.0,0.0,7.0,328.0,328.0
99,2019-01-21,ZA16CR18,ST8000NM0055,8001563222016,8001,8,1,0.0,12880.0,1.0,0.0,0.0,0.0,0.0,0.0
100,2019-01-22,ZDEC8Z1Y,ST500LM030,500107862016,500,0,1,0.0,1292.0,7.0,0.0,42950328330.0,0.0,0.0,0.0
101,2019-01-22,ZA173E77,ST8000NM0055,8001563222016,8001,8,1,8.0,13565.0,1.0,1.0,0.0,0.0,0.0,0.0
102,2019-01-22,ZJV03N38,ST12000NM0007,12000138625024,12000,12,1,2248.0,6180.0,11.0,4.0,0.0,,0.0,0.0
103,2019-01-22,ZA1816BZ,ST8000NM0055,8001563222016,8001,8,1,0.0,12742.0,5.0,0.0,0.0,0.0,0.0,0.0
104,2019-01-22,ZCH07DZ7,ST12000NM0007,12000138625024,12000,12,1,1.0,10906.0,5.0,1.0,0.0,,0.0,0.0
105,2019-01-22,188DT94ZT,TOSHIBA MQ01ABF050M,500107862016,500,0,1,0.0,6172.0,18.0,,,,0.0,0.0
106,2019-01-23,ZJV03JH3,ST12000NM0007,12000138625024,12000,12,1,9.0,6206.0,8.0,1723.0,4295032833.0,,0.0,0.0
107,2019-01-23,ZJV0M2TR,ST12000NM0007,12000138625024,12000,12,1,408.0,1326.0,1.0,0.0,0.0,,0.0,0.0
108,2019-01-23,ZA1818RN,ST8000NM0055,8001563222016,8001,8,1,0.0,12774.0,6.0,0.0,0.0,0.0,0.0,0.0
109,2019-01-23,S300TS9Z,ST4000DM000,4000787030016,4000,4,1,176.0,30076.0,8.0,4.0,0.0,0.0,0.0,0.0
110,2019-01-23,ZA21DNJD,ST10000NM0086,10000831348736,10000,10,1,6592.0,11797.0,1.0,3.0,0.0,11.0,0.0,0.0
111,2019-01-23,S2ZYJ9DFA03940,ST500LM012 HN,500107862016,500,0,1,0.0,25498.0,13.0,,,,0.0,0.0
112,2019-01-23,Z302SYPR,ST4000DM000,4000787030016,4000,4,1,0.0,29253.0,5.0,22.0,0.0,0.0,64.0,64.0
113,2019-01-23,ZCH07RN1,ST12000NM0007,12000138625024,12000,12,1,8416.0,10404.0,5.0,2.0,0.0,,0.0,0.0
114,2019-01-23,ZCH0E54J,ST12000NM0007,12000138625024,12000,12,1,48.0,4287.0,2.0,38.0,0.0,,120.0,120.0
115,2019-01-23,S2ZYJ9FG404788,ST500LM012 HN,500107862016,500,0,1,0.0,25542.0,30.0,,,,0.0,0.0
116,2019-01-23,ZCH07ZW4,ST12000NM0007,12000138625024,12000,12,1,135.0,11016.0,3.0,2.0,12885098499.0,,0.0,0.0
117,2019-01-23,ZCH0BPTZ,ST12000NM0007,12000138625024,12000,12,1,0.0,6205.0,7.0,1.0,0.0,,0.0,0.0
118,2019-01-24,ZJV02LNB,ST12000NM0007,12000138625024,12000,12,1,0.0,6217.0,1.0,0.0,0.0,,0.0,0.0
119,2019-01-24,Z3041TE5,ST4000DM000,4000787030016,4000,4,1,0.0,29211.0,24.0,9.0,0.0,0.0,128.0,128.0
120,2019-01-24,PL2331LAGPKGSJ,HGST HMS5C4040ALE640,4000787030016,4000,4,1,156.0,40512.0,8.0,,,,32.0,0.0
121,2019-01-24,ZCH0A24Q,ST12000NM0007,12000138625024,12000,12,1,23792.0,9080.0,1.0,2.0,0.0,,0.0,0.0
122,2019-01-24,ZA1810B6,ST8000NM0055,8001563222016,8001,8,1,0.0,12315.0,1.0,0.0,0.0,0.0,0.0,0.0
123,2019-01-24,ZCH07RJM,ST12000NM0007,12000138625024,12000,12,1,15304.0,10422.0,2.0,7.0,0.0,,0.0,0.0
124,2019-01-25,ZCH0BC0N,ST12000NM0007,12000138625024,12000,12,1,0.0,9284.0,7.0,0.0,0.0,,0.0,0.0
125,2019-01-25,Z304JJ0A,ST4000DM000,4000787030016,4000,4,1,32.0,28251.0,7.0,13.0,0.0,0.0,16.0,16.0
126,2019-01-25,Z304L8JW,ST4000DM000,4000787030016,4000,4,1,0.0,27903.0,5.0,0.0,0.0,0.0,0.0,0.0
127,2019-01-25,WD-WXB1AB527399,WDC WD5000LPCX,500107862016,500,0,1,0.0,21771.0,4.0,,,,0.0,0.0
128,2019-01-25,ZCH0BVLB,ST12000NM0007,12000138625024,12000,12,1,848.0,9091.0,2.0,7.0,0.0,,0.0,0.0
129,2019-01-25,ZCH0CZ94,ST12000NM0007,12000138625024,12000,12,1,1448.0,7900.0,2.0,2.0,0.0,,8.0,8.0
130,2019-01-26,ZA143SM3,ST8000DM002,8001563222016,8001,8,1,0.0,19652.0,4.0,0.0,30065229833.0,0.0,0.0,0.0
131,2019-01-26,ZJV1CSQ0,ST12000NM0007,12000138625024,12000,12,1,0.0,1372.0,1.0,0.0,0.0,,0.0,0.0
132,2019-01-27,Z304JN7J,ST4000DM000,4000787030016,4000,4,1,120.0,29018.0,9.0,5.0,0.0,0.0,8.0,8.0
133,2019-01-27,ZCH05KWT,ST12000NM0007,12000138625024,12000,12,1,32.0,12266.0,2.0,13.0,0.0,,144.0,144.0
134,2019-01-27,Z303MZ9Y,ST4000DM000,4000787030016,4000,4,1,0.0,28466.0,7.0,0.0,0.0,0.0,0.0,0.0
135,2019-01-27,Z30251XR,ST4000DM000,4000787030016,4000,4,1,0.0,36830.0,16.0,0.0,0.0,7.0,0.0,0.0
136,2019-01-28,ZA1890DY,ST8000NM0055,8001563222016,8001,8,1,10360.0,13589.0,4.0,2.0,0.0,0.0,0.0,0.0
137,2019-01-28,Z3025LRK,ST4000DM000,4000787030016,4000,4,1,1.0,35778.0,10.0,107.0,2.0,1.0,7.0,7.0
138,2019-01-28,ZCH08N8S,ST12000NM0007,12000138625024,12000,12,1,5576.0,9563.0,3.0,1.0,0.0,,0.0,0.0
139,2019-01-28,ZCH0BFCV,ST12000NM0007,12000138625024,12000,12,1,439.0,7025.0,3.0,0.0,0.0,,0.0,0.0
140,2019-01-28,ZA11SBWJ,ST8000NM0055,8001563222016,8001,8,1,30872.0,16276.0,3.0,4.0,0.0,0.0,0.0,0.0
141,2019-01-28,Z300YLXG,ST4000DM000,4000787030016,4000,4,1,20744.0,37255.0,10.0,0.0,0.0,2.0,2648.0,2648.0
142,2019-01-29,S300X3XJ,ST4000DM000,4000787030016,4000,4,1,0.0,35376.0,14.0,2.0,0.0,0.0,0.0,0.0
143,2019-01-29,ZJV00NYA,ST12000NM0007,12000138625024,12000,12,1,0.0,7991.0,5.0,0.0,0.0,,0.0,0.0
144,2019-01-30,AAG1SRHH,HGST HUH721212ALN604,12000138625024,12000,12,1,0.0,989.0,1.0,,,,0.0,0.0
145,2019-01-31,ZJV1CSTH,ST12000NM0007,12000138625024,12000,12,1,0.0,1387.0,1.0,0.0,0.0,,168.0,168.0
146,2019-01-31,Z302SR45,ST4000DM000,4000787030016,4000,4,1,0.0,29896.0,5.0,0.0,0.0,0.0,0.0,0.0
147,2019-02-01,ZCH0FEAV,ST12000NM0007,12000138625024,12000,12,1,0.0,2583.0,3.0,0.0,0.0,,0.0,0.0
148,2019-02-01,ZCH07BEE,ST12000NM0007,12000138625024,12000,12,1,5016.0,11380.0,4.0,0.0,0.0,,8.0,8.0
149,2019-02-01,X8L0A01BF97G,TOSHIBA MG07ACA14TA,14000519643136,14000,14,1,0.0,1412.0,2.0,,,,0.0,0.0
150,2019-02-01,S300Z5S4,ST4000DM000,4000787030016,4000,4,1,0.0,30181.0,9.0,0.0,0.0,0.0,0.0,0.0
151,2019-02-02,ZCH07B11,ST12000NM0007,12000138625024,12000,12,1,27.0,11248.0,5.0,0.0,0.0,,0.0,0.0
152,2019-02-02,Z304JM43,ST4000DM000,137438952960,137,0,1,,,,,,,,
153,2019-02-02,ZJV03KMS,ST12000NM0007,12000138625024,12000,12,1,0.0,6450.0,2.0,0.0,0.0,,0.0,0.0
154,2019-02-02,ZCH06PC6,ST12000NM0007,12000138625024,12000,12,1,7608.0,11392.0,4.0,5.0,0.0,,0.0,0.0
155,2019-02-03,ZCH0BXAL,ST12000NM0007,12000138625024,12000,12,1,2.0,9720.0,3.0,0.0,0.0,,0.0,0.0
156,2019-02-03,ZA130MZT,ST8000DM002,8001563222016,8001,8,1,8.0,7239.0,4.0,0.0,0.0,0.0,88.0,88.0
157,2019-02-03,ZJV1J8AX,ST12000NM0007,12000138625024,12000,12,1,0.0,2621.0,3.0,0.0,0.0,,0.0,0.0
158,2019-02-03,ZJV2ECXH,ST12000NM0007,12000138625024,12000,12,1,1736.0,1199.0,1.0,0.0,0.0,,8.0,8.0
159,2019-02-04,ZA16CLZT,ST8000NM0055,8001563222016,8001,8,1,216.0,16699.0,2.0,0.0,0.0,0.0,0.0,0.0
160,2019-02-04,S300WCSR,ST4000DM000,4000787030016,4000,4,1,0.0,31147.0,12.0,0.0,0.0,0.0,0.0,0.0
161,2019-02-04,ZCH0BABW,ST12000NM0007,12000138625024,12000,12,1,3872.0,6846.0,2.0,0.0,0.0,,0.0,0.0
162,2019-02-04,ZCH07CRX,ST12000NM0007,12000138625024,12000,12,1,736.0,11223.0,7.0,2.0,0.0,,0.0,0.0
163,2019-02-05,ZCH0CK4L,ST12000NM0007,12000138625024,12000,12,1,0.0,6863.0,2.0,0.0,0.0,,0.0,0.0
164,2019-02-05,ZCH0BA12,ST12000NM0007,12000138625024,12000,12,1,0.0,9769.0,3.0,0.0,0.0,,0.0,0.0
165,2019-02-05,PL1331LAHEU86H,HGST HMS5C4040BLE640,4000787030016,4000,4,1,0.0,17624.0,4.0,,,,0.0,0.0
166,2019-02-06,Z304L856,ST4000DM000,4000787030016,4000,4,1,0.0,28191.0,2.0,18.0,0.0,0.0,8.0,8.0
167,2019-02-06,ZCH0CZTV,ST12000NM0007,12000138625024,12000,12,1,768.0,8056.0,2.0,0.0,0.0,,0.0,0.0
168,2019-02-06,ZCH0818W,ST12000NM0007,12000138625024,12000,12,1,1808.0,10906.0,6.0,3.0,0.0,,0.0,0.0
169,2019-02-06,96ICTBPTT,TOSHIBA MQ01ABF050,500107862016,500,0,1,0.0,17261.0,3.0,,,,0.0,0.0
170,2019-02-06,ZCH06DP9,ST12000NM0007,12000138625024,12000,12,1,560.0,11274.0,3.0,1.0,0.0,,0.0,0.0
171,2019-02-06,Z305DXS7,ST4000DM000,4000787030016,4000,4,1,0.0,25395.0,6.0,0.0,0.0,0.0,0.0,0.0
172,2019-02-06,Z300VXA5,ST4000DM000,4000787030016,4000,4,1,0.0,34729.0,6.0,5.0,0.0,0.0,32.0,32.0
173,2019-02-07,Z302CYHA,ST4000DM000,4000787030016,4000,4,1,0.0,29537.0,23.0,8.0,0.0,0.0,72.0,72.0
174,2019-02-07,ZDEC8Y57,ST500LM030,500107862016,500,0,1,0.0,465.0,2.0,0.0,0.0,0.0,0.0,0.0
175,2019-02-07,ZCH0CLDX,ST12000NM0007,12000138625024,12000,12,1,616.0,9592.0,5.0,0.0,0.0,,0.0,0.0
176,2019-02-07,Z302EQBN,ST4000DM000,4000787030016,4000,4,1,0.0,35068.0,11.0,0.0,0.0,0.0,0.0,0.0
177,2019-02-07,ZA121T2A,ST8000DM002,8001563222016,8001,8,1,192.0,23070.0,2.0,5.0,0.0,0.0,8.0,8.0
178,2019-02-07,ZJV0016J,ST12000NM0007,12000138625024,12000,12,1,4752.0,9421.0,3.0,78.0,0.0,,136.0,136.0
179,2019-02-07,Z304JG10,ST4000DM000,4000787030016,4000,4,1,16.0,29234.0,17.0,4.0,0.0,0.0,0.0,0.0
180,2019-02-07,Z305PV18,ST4000DM000,4000787030016,4000,4,1,0.0,25915.0,5.0,1.0,0.0,0.0,0.0,0.0
181,2019-02-07,ZA143SAS,ST8000DM002,8001563222016,8001,8,1,0.0,19952.0,5.0,0.0,655375.0,0.0,0.0,0.0
182,2019-02-07,ZA13AG2K,ST8000NM0055,8001563222016,8001,8,1,40.0,14756.0,3.0,0.0,0.0,0.0,0.0,0.0
183,2019-02-08,WD-WX71A14S0199,WDC WD5000LPVX,500107862016,500,0,1,0.0,30808.0,32.0,,,,0.0,0.0
184,2019-02-08,ZA180R3Y,ST8000NM0055,8001563222016,8001,8,1,0.0,13138.0,8.0,0.0,0.0,0.0,0.0,0.0
185,2019-02-08,ZA180N6K,ST8000NM0055,8001563222016,8001,8,1,272.0,13818.0,4.0,0.0,0.0,0.0,0.0,0.0
186,2019-02-08,ZCH07TJ4,ST12000NM0007,12000138625024,12000,12,1,388.0,11234.0,3.0,0.0,0.0,,176.0,176.0
187,2019-02-08,ZJV2EB4D,ST12000NM0007,12000138625024,12000,12,1,0.0,1266.0,2.0,0.0,0.0,,0.0,0.0
188,2019-02-08,Z302T6F4,ST4000DM000,4000787030016,4000,4,1,8.0,30562.0,27.0,7.0,0.0,0.0,0.0,0.0
189,2019-02-08,ZCH08PZD,ST12000NM0007,12000138625024,12000,12,1,16.0,2193.0,25.0,19.0,4.0,,0.0,0.0
190,2019-02-09,ZCH0D1PC,ST12000NM0007,12000138625024,12000,12,1,440.0,9450.0,3.0,0.0,0.0,,0.0,0.0
191,2019-02-10,ZCH0CJD5,ST12000NM0007,12000138625024,12000,12,1,0.0,9261.0,2.0,0.0,0.0,,0.0,0.0
192,2019-02-10,S300Z4LV,ST4000DM000,4000787030016,4000,4,1,0.0,31275.0,4.0,9.0,0.0,0.0,24.0,24.0
193,2019-02-10,Z305DHXM,ST4000DM000,4000787030016,4000,4,1,0.0,24828.0,4.0,7.0,0.0,0.0,8.0,8.0
194,2019-02-10,Z304LAEN,ST4000DM000,4000787030016,4000,4,1,0.0,28317.0,3.0,6.0,0.0,0.0,0.0,0.0
195,2019-02-10,ZA13GZCA,ST8000NM0055,8001563222016,8001,8,1,0.0,14823.0,5.0,3.0,0.0,0.0,96.0,96.0
196,2019-02-10,S300XE94,ST4000DM000,4000787030016,4000,4,1,0.0,30982.0,4.0,0.0,0.0,0.0,0.0,0.0
197,2019-02-10,ZA1818CA,ST8000NM0055,8001563222016,8001,8,1,0.0,13200.0,9.0,0.0,0.0,0.0,248.0,248.0
198,2019-02-11,ZJV02J5W,ST12000NM0007,12000138625024,12000,12,1,0.0,6657.0,9.0,0.0,0.0,,0.0,0.0
199,2019-02-11,ZJV009V2,ST12000NM0007,12000138625024,12000,12,1,248.0,8179.0,2.0,6.0,0.0,,88.0,88.0
200,2019-02-11,ZJV0079J,ST12000NM0007,12000138625024,12000,12,1,16208.0,9294.0,3.0,12.0,0.0,,0.0,0.0
201,2019-02-11,PL1331LAGK9JRH,HGST HMS5C4040BLE640,4000787030016,4000,4,1,0.0,17342.0,16.0,,,,0.0,0.0
202,2019-02-11,ZCH0BJ05,ST12000NM0007,12000138625024,12000,12,1,2616.0,9525.0,2.0,0.0,0.0,,8.0,8.0
203,2019-02-11,S30115HR,ST4000DM000,4000787030016,4000,4,1,928.0,33473.0,11.0,1.0,0.0,0.0,0.0,0.0
204,2019-02-11,S2ZYJ9KFC03619,ST500LM012 HN,500107862016,500,0,1,0.0,28485.0,21.0,,,,2.0,0.0
205,2019-02-11,ZA171V9Z,ST8000NM0055,8001563222016,8001,8,1,24.0,15634.0,3.0,0.0,0.0,0.0,0.0,0.0
206,2019-02-11,ZCH06HG5,ST12000NM0007,12000138625024,12000,12,1,31600.0,11616.0,2.0,20.0,0.0,,0.0,0.0
207,2019-02-11,ZCH09RAW,ST12000NM0007,12000138625024,12000,12,1,0.0,7010.0,3.0,0.0,0.0,,0.0,0.0
208,2019-02-11,ZJV007FG,ST12000NM0007,12000138625024,12000,12,1,168.0,9694.0,5.0,0.0,0.0,,0.0,0.0
209,2019-02-11,ZCH07JLH,ST12000NM0007,12000138625024,12000,12,1,0.0,11635.0,8.0,0.0,0.0,,0.0,0.0
210,2019-02-11,Z3025K5H,ST4000DM000,4000787030016,4000,4,1,0.0,37911.0,23.0,0.0,0.0,3.0,16.0,16.0
211,2019-02-11,ZCH0707D,ST12000NM0007,12000138625024,12000,12,1,0.0,11234.0,3.0,56.0,0.0,,8.0,8.0
212,2019-02-12,S301PSAT,ST4000DM000,4000787030016,4000,4,1,0.0,27880.0,6.0,0.0,0.0,0.0,0.0,0.0
213,2019-02-12,ZJV04NSJ,ST12000NM0007,12000138625024,12000,12,1,17720.0,6679.0,9.0,9.0,0.0,,8.0,8.0
214,2019-02-12,ZCH06HZL,ST12000NM0007,12000138625024,12000,12,1,7904.0,11484.0,3.0,0.0,0.0,,0.0,0.0
215,2019-02-12,ZCH07VW8,ST12000NM0007,12000138625024,12000,12,1,0.0,11471.0,5.0,0.0,0.0,,0.0,0.0
216,2019-02-13,ZA189XD8,ST8000NM0055,8001563222016,8001,8,1,0.0,12679.0,3.0,0.0,0.0,0.0,0.0,0.0
217,2019-02-13,ZJV04TMW,ST12000NM0007,12000138625024,12000,12,1,0.0,7400.0,3.0,16.0,0.0,,184.0,184.0
218,2019-02-14,ZA180Z3W,ST8000NM0055,8001563222016,8001,8,1,320.0,13291.0,5.0,0.0,0.0,0.0,0.0,0.0
219,2019-02-14,S2ZYJ9GF302349,ST500LM012 HN,500107862016,500,0,1,0.0,38870.0,20.0,,,,0.0,0.0
220,2019-02-14,ZJV0WBVF,ST12000NM0007,12000138625024,12000,12,1,101.0,4575.0,3.0,0.0,4295032833.0,,40.0,40.0
221,2019-02-14,ZJV00CJB,ST12000NM0007,12000138625024,12000,12,1,8.0,9579.0,4.0,0.0,0.0,,0.0,0.0
222,2019-02-14,96HCTBI6T,TOSHIBA MQ01ABF050,500107862016,500,0,1,0.0,17827.0,4.0,,,,0.0,0.0
223,2019-02-14,ZA12KYZZ,ST8000DM002,8001563222016,8001,8,1,0.0,20815.0,2.0,0.0,0.0,0.0,0.0,0.0
224,2019-02-14,ZCH0BTEP,ST12000NM0007,12000138625024,12000,12,1,0.0,9764.0,3.0,0.0,0.0,,0.0,0.0
225,2019-02-14,ZCH07ERS,ST12000NM0007,12000138625024,12000,12,1,40320.0,11537.0,4.0,5.0,0.0,,0.0,0.0
226,2019-02-15,ZCH068EH,ST12000NM0007,12000138625024,12000,12,1,19576.0,11398.0,1.0,16.0,0.0,,16.0,16.0
227,2019-02-15,S2ZYJ9CG108675,ST500LM012 HN,500107862016,500,0,1,0.0,25023.0,13.0,,,,0.0,0.0
228,2019-02-15,Z304HV83,ST4000DM000,4000787030016,4000,4,1,0.0,28439.0,7.0,0.0,0.0,0.0,0.0,0.0
229,2019-02-15,ZJV2FPXG,ST12000NM0007,12000138625024,12000,12,1,0.0,671.0,5.0,0.0,0.0,,0.0,0.0
230,2019-02-15,ZA12Q5WX,ST8000DM002,8001563222016,8001,8,1,0.0,20841.0,3.0,0.0,0.0,0.0,0.0,0.0
231,2019-02-16,Z304HTKM,ST4000DM000,4000787030016,4000,4,1,0.0,28423.0,7.0,0.0,0.0,0.0,0.0,0.0
232,2019-02-16,ZA11PYLG,ST8000DM002,8001563222016,8001,8,1,24.0,22528.0,9.0,0.0,0.0,0.0,0.0,0.0
233,2019-02-17,ZCH0C1SC,ST12000NM0007,12000138625024,12000,12,1,0.0,7154.0,2.0,38.0,0.0,,128.0,128.0
234,2019-02-17,ZA13YAZR,ST8000DM002,8001563222016,8001,8,1,8.0,19445.0,2.0,39.0,0.0,0.0,96.0,96.0
235,2019-02-17,ZJV00W03,ST12000NM0007,12000138625024,12000,12,1,8.0,8954.0,1.0,4.0,0.0,,112.0,112.0
236,2019-02-17,ZA21ELDL,ST10000NM0086,10000831348736,10000,10,1,32.0,12413.0,3.0,2.0,0.0,25.0,0.0,0.0
237,2019-02-18,ZA11LZSP,ST8000DM002,8001563222016,8001,8,1,0.0,22577.0,6.0,0.0,0.0,0.0,0.0,0.0
238,2019-02-18,S300XCAB,ST4000DM000,4000787030016,4000,4,1,0.0,31532.0,5.0,0.0,0.0,0.0,0.0,0.0
239,2019-02-18,ZCH06ZR3,ST12000NM0007,12000138625024,12000,12,1,41960.0,11397.0,3.0,107.0,65537.0,,0.0,0.0
240,2019-02-18,Z30251BE,ST4000DM000,4000787030016,4000,4,1,168.0,37524.0,21.0,0.0,0.0,3.0,1512.0,1512.0
241,2019-02-19,ZA13F7AV,ST8000NM0055,8001563222016,8001,8,1,0.0,15036.0,4.0,0.0,0.0,0.0,0.0,0.0
242,2019-02-19,96HCTBHWT,TOSHIBA MQ01ABF050,500107862016,500,0,1,0.0,17562.0,6.0,,,,8.0,0.0
243,2019-02-19,ZCH06TH0,ST12000NM0007,12000138625024,12000,12,1,13112.0,11839.0,1.0,12.0,0.0,,0.0,0.0
244,2019-02-20,ZA12HANQ,ST8000DM002,8001563222016,8001,8,1,5896.0,21108.0,3.0,7.0,0.0,0.0,0.0,0.0
245,2019-02-20,ZJV2EF1S,ST12000NM0007,12000138625024,12000,12,1,0.0,859.0,108.0,0.0,4295032833.0,,0.0,0.0
246,2019-02-21,Z302T6J5,ST4000DM000,4000787030016,4000,4,1,0.0,29973.0,12.0,34.0,0.0,0.0,40.0,40.0
247,2019-02-21,ZJV01Y53,ST12000NM0007,12000138625024,12000,12,1,0.0,9046.0,3.0,0.0,0.0,,112.0,112.0
248,2019-02-21,ZJV0T5EY,ST12000NM0007,12000138625024,12000,12,1,0.0,4961.0,5.0,0.0,0.0,,0.0,0.0
249,2019-02-21,Z3029AR3,ST4000DM000,4000787030016,4000,4,1,0.0,35777.0,12.0,0.0,0.0,0.0,0.0,0.0
250,2019-02-21,ZCH0BWRA,ST12000NM0007,12000138625024,12000,12,1,0.0,5080.0,3.0,1.0,0.0,,24.0,24.0
251,2019-02-22,ZA16DSXV,ST8000NM0055,8001563222016,8001,8,1,0.0,17136.0,2.0,0.0,0.0,0.0,0.0,0.0
252,2019-02-22,VKHA46BX,HGST HUH728080ALE600,8001563222016,8001,8,1,0.0,11089.0,14.0,,,,0.0,0.0
253,2019-02-22,WD-WX71A94LDZS4,WDC WD5000LPVX,500107862016,500,0,1,0.0,35387.0,7.0,,,,0.0,0.0
254,2019-02-22,ZCH0CK24,ST12000NM0007,12000138625024,12000,12,1,0.0,8444.0,8.0,0.0,0.0,,0.0,0.0
255,2019-02-23,S301GM66,ST4000DM000,4000787030016,4000,4,1,0.0,30927.0,25.0,0.0,0.0,0.0,24.0,24.0
256,2019-02-23,ZCH07WTA,ST12000NM0007,12000138625024,12000,12,1,0.0,11260.0,3.0,9.0,0.0,,40.0,40.0
257,2019-02-23,ZCH07NG3,ST12000NM0007,12000138625024,12000,12,1,9905.0,11313.0,1.0,0.0,0.0,,0.0,0.0
258,2019-02-24,ZCH07T7C,ST12000NM0007,12000138625024,12000,12,1,0.0,11776.0,4.0,2.0,0.0,,160.0,160.0
259,2019-02-24,S300ZQVL,ST4000DM000,4000787030016,4000,4,1,0.0,31967.0,11.0,1.0,0.0,0.0,0.0,0.0
260,2019-02-24,ZA1818HP,ST8000NM0055,8001563222016,8001,8,1,0.0,13490.0,4.0,15.0,0.0,0.0,24.0,24.0
261,2019-02-24,Z30513PV,ST4000DM000,4000787030016,4000,4,1,0.0,26658.0,10.0,8.0,0.0,0.0,0.0,0.0
262,2019-02-24,ZCH06L5P,ST12000NM0007,12000138625024,12000,12,1,0.0,11531.0,4.0,0.0,0.0,,0.0,0.0
263,2019-02-24,Z305D56S,ST4000DM000,4000787030016,4000,4,1,0.0,26638.0,16.0,1.0,0.0,0.0,112.0,112.0
264,2019-02-24,ZCH0704J,ST12000NM0007,12000138625024,12000,12,1,0.0,11532.0,4.0,0.0,0.0,,8.0,8.0
265,2019-02-24,S300Z43B,ST4000DM000,4000787030016,4000,4,1,0.0,33049.0,4.0,0.0,0.0,0.0,0.0,0.0
266,2019-02-25,ZCH0GGTT,ST12000NM0007,12000138625024,12000,12,1,5248.0,2298.0,3.0,7.0,0.0,,0.0,0.0
267,2019-02-25,ZCH0BW5F,ST12000NM0007,12000138625024,12000,12,1,13888.0,7707.0,5.0,32.0,0.0,,0.0,0.0
268,2019-02-25,ZCH0BWRT,ST12000NM0007,12000138625024,12000,12,1,2672.0,7699.0,3.0,0.0,0.0,,296.0,296.0
269,2019-02-25,Z3039XWR,ST4000DM000,4000787030016,4000,4,1,24.0,30278.0,17.0,60.0,3.0,0.0,8.0,8.0
270,2019-02-25,ZCH06H6M,ST12000NM0007,12000138625024,12000,12,1,0.0,11802.0,2.0,0.0,0.0,,0.0,0.0
271,2019-02-26,S2ZYJ9CF715326,ST500LM012 HN,500107862016,500,0,1,0.0,33522.0,25.0,,,,1.0,0.0
272,2019-02-26,ZA108H7W,ST8000DM002,8001563222016,8001,8,1,8.0,3436.0,9.0,46.0,0.0,0.0,32.0,32.0
273,2019-02-26,ZJV00FJ4,ST12000NM0007,12000138625024,12000,12,1,6192.0,9877.0,3.0,1.0,0.0,,0.0,0.0
274,2019-02-26,ZA12JTD2,ST8000DM002,8001563222016,8001,8,1,0.0,22764.0,1.0,0.0,0.0,0.0,0.0,0.0
275,2019-02-26,ZA170TQ1,ST8000NM0055,8001563222016,8001,8,1,0.0,14375.0,1.0,0.0,0.0,0.0,0.0,0.0
276,2019-02-26,ZJV2ESYX,ST12000NM0007,12000138625024,12000,12,1,0.0,1752.0,2.0,0.0,0.0,,4272.0,4272.0
277,2019-02-26,WD-WXB1AB51LRX7,WDC WD5000LPCX,500107862016,500,0,1,0.0,22749.0,5.0,,,,0.0,0.0
278,2019-02-27,S3010LCN,ST4000DM000,4000787030016,4000,4,1,0.0,33179.0,4.0,4.0,0.0,0.0,8.0,8.0
279,2019-02-27,PL2331LAG9L1WJ,HGST HMS5C4040ALE640,4000787030016,4000,4,1,0.0,18289.0,16.0,,,,0.0,0.0
280,2019-02-27,ZA12YJK7,ST8000NM0055,8001563222016,8001,8,1,72.0,14895.0,4.0,0.0,0.0,0.0,0.0,0.0
281,2019-02-27,Z304J0NT,ST4000DM000,4000787030016,4000,4,1,16.0,29721.0,6.0,3.0,0.0,0.0,0.0,0.0
282,2019-02-28,S301NH5Z,ST4000DM000,4000787030016,4000,4,1,2088.0,28400.0,7.0,7.0,0.0,0.0,0.0,0.0
283,2019-02-28,ZCH0DYK0,ST12000NM0007,12000138625024,12000,12,1,280.0,7074.0,7.0,0.0,0.0,,0.0,0.0
284,2019-02-28,ZCH0AXMF,ST12000NM0007,12000138625024,12000,12,1,5368.0,9690.0,4.0,1.0,0.0,,0.0,0.0
285,2019-02-28,ZCH03YFN,ST12000NM0007,12000138625024,12000,12,1,2160.0,9913.0,6.0,3.0,0.0,,0.0,0.0
286,2019-03-01,ZCH0547F,ST12000NM0007,12000138625024,12000,12,1,8.0,11901.0,6.0,0.0,0.0,,0.0,0.0
287,2019-03-01,57QEWPXQT,TOSHIBA MQ01ABF050,500107862016,500,0,1,0.0,13048.0,4.0,,,,24.0,0.0
288,2019-03-01,ZJV1L5N1,ST12000NM0007,12000138625024,12000,12,1,0.0,3257.0,7.0,0.0,0.0,,0.0,0.0
289,2019-03-01,ZA153SZQ,ST8000NM0055,8001563222016,8001,8,1,64.0,14946.0,8.0,0.0,0.0,0.0,0.0,0.0
290,2019-03-01,ZA13GZB3,ST8000NM0055,8001563222016,8001,8,1,1768.0,15287.0,1.0,0.0,0.0,0.0,0.0,0.0
291,2019-03-02,S2ZYJ9GGB01043,ST500LM012 HN,500107862016,500,0,1,0.0,19465.0,6.0,,,,148.0,0.0
292,2019-03-02,ZCH07NZM,ST12000NM0007,12000138625024,12000,12,1,0.0,11757.0,4.0,0.0,0.0,,0.0,0.0
293,2019-03-03,ZA180QNJ,ST8000NM0055,8001563222016,8001,8,1,0.0,13705.0,9.0,0.0,0.0,0.0,0.0,0.0
294,2019-03-03,ZA131FYF,ST8000NM0055,8001563222016,8001,8,1,0.0,9580.0,3.0,2.0,0.0,0.0,48.0,48.0
295,2019-03-03,ZCH0BNS3,ST12000NM0007,12000138625024,12000,12,1,112.0,10173.0,3.0,2.0,0.0,,8.0,8.0
296,2019-03-03,ZCH0BWVW,ST12000NM0007,12000138625024,12000,12,1,0.0,9989.0,4.0,1.0,0.0,,0.0,0.0
297,2019-03-03,ZA13YLQ9,ST8000DM002,8001563222016,8001,8,1,9832.0,19786.0,3.0,2.0,0.0,0.0,0.0,0.0
298,2019-03-04,ZCH06WEZ,ST12000NM0007,12000138625024,12000,12,1,56.0,12118.0,3.0,0.0,0.0,,0.0,0.0
299,2019-03-04,8HK19G2H,HGST HUH721212ALN604,12000138625024,12000,12,1,0.0,2717.0,3.0,,,,0.0,0.0
300,2019-03-04,ZCH0CN2T,ST12000NM0007,12000138625024,12000,12,1,0.0,9308.0,2.0,0.0,0.0,,0.0,0.0
301,2019-03-04,ZA13ZRYH,ST8000DM002,8001563222016,8001,8,1,0.0,18570.0,2.0,0.0,0.0,0.0,0.0,0.0
302,2019-03-04,ZA180R77,ST8000NM0055,8001563222016,8001,8,1,0.0,13897.0,1.0,0.0,0.0,0.0,0.0,0.0
303,2019-03-04,ZCH0783C,ST12000NM0007,12000138625024,12000,12,1,17360.0,11742.0,4.0,17.0,0.0,,0.0,0.0
304,2019-03-04,Z30251SR,ST4000DM000,4000787030016,4000,4,1,0.0,37864.0,16.0,0.0,1.0,5.0,160.0,160.0
305,2019-03-04,ZA180R1C,ST8000NM0055,8001563222016,8001,8,1,9.0,13253.0,1.0,2.0,0.0,0.0,8.0,8.0
306,2019-03-04,PL1331LAHENJ2H,HGST HMS5C4040BLE640,4000787030016,4000,4,1,0.0,17886.0,6.0,,,,16.0,0.0
307,2019-03-05,57GGPD9NT,TOSHIBA MQ01ABF050,500107862016,500,0,1,0.0,10018.0,7.0,,,,0.0,0.0
308,2019-03-06,Z4D05TMX,ST6000DX000,6001175126016,6001,6,1,0.0,34452.0,19.0,0.0,0.0,8.0,8.0,8.0
309,2019-03-06,ZCH0817E,ST12000NM0007,12000138625024,12000,12,1,8.0,12006.0,4.0,0.0,0.0,,0.0,0.0
310,2019-03-06,ZA171S1E,ST8000NM0055,8001563222016,8001,8,1,3344.0,16189.0,4.0,4.0,0.0,0.0,0.0,0.0
311,2019-03-07,ZA180XD5,ST8000NM0055,8001563222016,8001,8,1,0.0,13802.0,7.0,0.0,0.0,0.0,0.0,0.0
312,2019-03-08,ZJV02GJM,ST12000NM0007,12000138625024,12000,12,1,6320.0,9411.0,1.0,13.0,12885098499.0,,0.0,0.0
313,2019-03-08,ZJV03Y00,ST12000NM0007,12000138625024,12000,12,1,1944.0,2356.0,1.0,1.0,0.0,,424.0,424.0
314,2019-03-08,ZDEB33GK,ST500LM030,500107862016,500,0,1,0.0,3676.0,5.0,0.0,4295032833.0,0.0,0.0,0.0
315,2019-03-08,Z302T6CW,ST4000DM000,4000787030016,4000,4,1,0.0,30341.0,14.0,9.0,0.0,0.0,40.0,40.0
316,2019-03-08,PL1331LAHBYKEH,HGST HMS5C4040BLE640,4000787030016,4000,4,1,0.0,17971.0,4.0,,,,0.0,0.0
317,2019-03-08,ZCH0DY2X,ST12000NM0007,12000138625024,12000,12,1,627.0,5351.0,3.0,0.0,4295032833.0,,0.0,0.0
318,2019-03-09,ZJV058H7,ST12000NM0007,12000138625024,12000,12,1,0.0,7987.0,4.0,7.0,0.0,,8.0,8.0
319,2019-03-10,ZA181JB7,ST8000NM0055,8001563222016,8001,8,1,0.0,13867.0,10.0,7.0,0.0,0.0,24.0,24.0
320,2019-03-10,Z305DVWM,ST4000DM000,4000787030016,4000,4,1,0.0,26989.0,9.0,11.0,0.0,0.0,24.0,24.0
321,2019-03-10,ZCH09MGG,ST12000NM0007,12000138625024,12000,12,1,0.0,10150.0,6.0,0.0,0.0,,0.0,0.0
322,2019-03-10,Z305DF66,ST4000DM000,4000787030016,4000,4,1,0.0,28467.0,7.0,27.0,0.0,0.0,40.0,40.0
323,2019-03-11,ZJV2QMLV,ST12000NM0007,12000138625024,12000,12,1,0.0,1273.0,3.0,16.0,0.0,,208.0,208.0
324,2019-03-11,Z305NZY4,ST4000DM000,4000787030016,4000,4,1,64.0,26664.0,5.0,12.0,0.0,0.0,8.0,8.0
325,2019-03-11,VKGM0LYX,HGST HUH728080ALE600,8001563222016,8001,8,1,0.0,11491.0,9.0,,,,0.0,0.0
326,2019-03-12,ZJV03VVA,ST12000NM0007,12000138625024,12000,12,1,312.0,8044.0,3.0,0.0,0.0,,0.0,0.0
327,2019-03-12,ZA1421XC,ST8000DM002,8001563222016,8001,8,1,0.0,20624.0,3.0,0.0,0.0,0.0,0.0,0.0
328,2019-03-12,ZCH06WPN,ST12000NM0007,12000138625024,12000,12,1,22688.0,11928.0,4.0,177.0,0.0,,0.0,0.0
329,2019-03-12,ZCH0681Z,ST12000NM0007,12000138625024,12000,12,1,12352.0,12007.0,2.0,11.0,0.0,,0.0,0.0
330,2019-03-13,ZCH06H3V,ST12000NM0007,12000138625024,12000,12,1,20360.0,11743.0,1.0,0.0,0.0,,0.0,0.0
331,2019-03-13,ZCH06J46,ST12000NM0007,12000138625024,12000,12,1,28792.0,12030.0,4.0,10.0,0.0,,0.0,0.0
332,2019-03-13,S300Z8CZ,ST4000DM000,4000787030016,4000,4,1,0.0,32404.0,13.0,4.0,0.0,0.0,8.0,8.0
333,2019-03-13,ZA17ZEY3,ST8000NM0055,8001563222016,8001,8,1,0.0,14115.0,2.0,0.0,0.0,0.0,0.0,0.0
334,2019-03-13,ZCH06EE3,ST12000NM0007,12000138625024,12000,12,1,0.0,11957.0,6.0,0.0,0.0,,8.0,8.0
335,2019-03-13,S301GP8P,ST4000DM000,4000787030016,4000,4,1,0.0,30714.0,9.0,0.0,0.0,0.0,0.0,0.0
336,2019-03-13,ZA17ZNJY,ST8000NM0055,8001563222016,8001,8,1,368.0,13469.0,2.0,0.0,0.0,0.0,16.0,16.0
337,2019-03-13,ZCH0D1BJ,ST12000NM0007,12000138625024,12000,12,1,2160.0,10217.0,4.0,3.0,0.0,,0.0,0.0
338,2019-03-13,Z304HSCX,ST4000DM000,4000787030016,4000,4,1,0.0,29072.0,6.0,15.0,0.0,0.0,0.0,0.0
339,2019-03-13,ZCH07C5S,ST12000NM0007,12000138625024,12000,12,1,17776.0,11578.0,3.0,50.0,0.0,,0.0,0.0
340,2019-03-14,ZCH0CE3Z,ST12000NM0007,12000138625024,12000,12,1,6664.0,7759.0,1.0,6.0,0.0,,16.0,16.0
341,2019-03-14,VKH0P1XX,HGST HUH728080ALE600,8001563222016,8001,8,1,0.0,11571.0,1.0,,,,0.0,0.0
342,2019-03-14,ZCH0BMQB,ST12000NM0007,12000138625024,12000,12,1,768.0,10441.0,2.0,0.0,0.0,,0.0,0.0
343,2019-03-14,ZCH06FLV,ST12000NM0007,12000138625024,12000,12,1,0.0,12198.0,7.0,0.0,0.0,,0.0,0.0
344,2019-03-14,ZJV2E903,ST12000NM0007,12000138625024,12000,12,1,0.0,356.0,1.0,0.0,0.0,,0.0,0.0
345,2019-03-14,Z305BE77,ST4000DM000,4000787030016,4000,4,1,8.0,27097.0,7.0,18.0,0.0,0.0,40.0,40.0
346,2019-03-14,Z30271N2,ST4000DM000,4000787030016,4000,4,1,6712.0,31159.0,5.0,1.0,0.0,0.0,0.0,0.0
347,2019-03-15,8CGDGNBH,HGST HUH721212ALE600,12000138625024,12000,12,1,0.0,710.0,15.0,,,,0.0,0.0
348,2019-03-15,ZCH0C00R,ST12000NM0007,12000138625024,12000,12,1,0.0,10283.0,6.0,0.0,0.0,,0.0,0.0
349,2019-03-15,PL2331LAHDE5NJ,HGST HMS5C4040BLE640,4000787030016,4000,4,1,10.0,25367.0,3.0,,,,0.0,0.0
350,2019-03-15,ZCH07344,ST12000NM0007,12000138625024,12000,12,1,0.0,11789.0,2.0,0.0,0.0,,0.0,0.0
351,2019-03-15,Z304LK31,ST4000DM000,4000787030016,4000,4,1,0.0,26137.0,17.0,0.0,0.0,0.0,0.0,0.0
352,2019-03-16,5641SFR8S,TOSHIBA MQ01ABF050,500107862016,500,0,1,0.0,24090.0,9.0,,,,0.0,0.0
353,2019-03-16,ZCH0D2Q6,ST12000NM0007,12000138625024,12000,12,1,76.0,10301.0,5.0,0.0,8590065666.0,,0.0,0.0
354,2019-03-16,ZA1087QH,ST8000DM002,8001563222016,8001,8,1,552.0,23959.0,1.0,19.0,0.0,0.0,32.0,32.0
355,2019-03-16,ZJV1KYQZ,ST12000NM0007,12000138625024,12000,12,1,0.0,2759.0,2.0,0.0,0.0,,0.0,0.0
356,2019-03-16,ZA1805V0,ST8000NM0055,8001563222016,8001,8,1,0.0,14184.0,3.0,7.0,0.0,0.0,0.0,0.0
357,2019-03-16,ZCH0CE90,ST12000NM0007,12000138625024,12000,12,1,104.0,10072.0,3.0,14.0,0.0,,32.0,32.0
358,2019-03-16,PL1331LAHD69MH,HGST HMS5C4040BLE640,4000787030016,4000,4,1,0.0,24285.0,3.0,,,,0.0,0.0
359,2019-03-17,ZJV03GLF,ST12000NM0007,12000138625024,12000,12,1,0.0,7462.0,2.0,0.0,0.0,,0.0,0.0
360,2019-03-17,8HK8T7NH,HGST HUH721212ALN604,12000138625024,12000,12,1,0.0,562.0,2.0,,,,0.0,0.0
361,2019-03-17,ZCH086EZ,ST12000NM0007,12000138625024,12000,12,1,15.0,11655.0,9.0,0.0,0.0,,0.0,0.0
362,2019-03-17,8HJM5LKH,HGST HUH721212ALN604,12000138625024,12000,12,1,0.0,3021.0,1.0,,,,11.0,0.0
363,2019-03-18,S300XB04,ST4000DM000,4000787030016,4000,4,1,0.0,32212.0,0.0,4.0,0.0,0.0,16.0,16.0
364,2019-03-18,S301PS84,ST4000DM000,4000787030016,4000,4,1,0.0,29664.0,12.0,0.0,0.0,0.0,0.0,0.0
365,2019-03-18,ZA16DSXP,ST8000NM0055,8001563222016,8001,8,1,31368.0,17707.0,6.0,6.0,0.0,0.0,0.0,0.0
366,2019-03-18,ZCH0B2VP,ST12000NM0007,12000138625024,12000,12,1,4616.0,10748.0,4.0,2.0,0.0,,0.0,0.0
367,2019-03-18,Z304JNC9,ST4000DM000,4000787030016,4000,4,1,0.0,30193.0,10.0,0.0,0.0,0.0,0.0,0.0
368,2019-03-18,Z304JHF7,ST4000DM000,4000787030016,4000,4,1,0.0,30143.0,17.0,0.0,0.0,0.0,0.0,0.0
369,2019-03-18,Z302EPJK,ST4000DM000,4000787030016,4000,4,1,1224.0,34325.0,7.0,49.0,0.0,0.0,8.0,8.0
370,2019-03-18,ZA180ZVY,ST8000NM0055,8001563222016,8001,8,1,0.0,13581.0,8.0,0.0,0.0,0.0,0.0,0.0
371,2019-03-18,ZDECXSZF,ST500LM030,500107862016,500,0,1,0.0,462.0,7.0,0.0,4295032833.0,0.0,0.0,0.0
372,2019-03-18,Z305758R,ST4000DM000,4000787030016,4000,4,1,8.0,28681.0,11.0,64.0,0.0,0.0,184.0,184.0
373,2019-03-18,WD-WX11DA4DJNAR,WDC WD60EFRX,6001175126016,6001,6,1,0.0,36485.0,11.0,,,,0.0,0.0
374,2019-03-18,ZJV2ENN5,ST12000NM0007,12000138625024,12000,12,1,432.0,463.0,2.0,0.0,0.0,,1016.0,1016.0
375,2019-03-18,ZDEB00M3,ST500LM030,500107862016,500,0,1,0.0,563.0,10.0,0.0,0.0,0.0,0.0,0.0
376,2019-03-18,Z304JDDH,ST4000DM000,4000787030016,4000,4,1,288.0,30170.0,7.0,15.0,0.0,0.0,64.0,64.0
377,2019-03-19,ZDEB2V6C,ST500LM030,500107862016,500,0,1,0.0,587.0,12.0,0.0,4295032833.0,0.0,0.0,0.0
378,2019-03-19,ZA11HYL7,ST8000DM002,8001563222016,8001,8,1,0.0,18927.0,4.0,0.0,0.0,0.0,0.0,0.0
379,2019-03-19,ZCH09JYH,ST12000NM0007,12000138625024,12000,12,1,1.0,10373.0,2.0,0.0,4295032833.0,,0.0,0.0
380,2019-03-19,ZCH092S4,ST12000NM0007,12000138625024,12000,12,1,0.0,6624.0,10.0,0.0,0.0,,0.0,0.0
381,2019-03-19,ZCH02LQX,ST12000NM0007,12000138625024,12000,12,1,11672.0,11071.0,5.0,4.0,0.0,,216.0,216.0
382,2019-03-19,ZCH0ADQ4,ST12000NM0007,12000138625024,12000,12,1,688.0,10391.0,4.0,1.0,0.0,,0.0,0.0
383,2019-03-19,ZJV00EGC,ST12000NM0007,12000138625024,12000,12,1,10568.0,10376.0,6.0,2.0,0.0,,0.0,0.0
384,2019-03-19,S300ZRP2,ST4000DM000,4000787030016,4000,4,1,472.0,34351.0,5.0,4.0,0.0,0.0,0.0,0.0
385,2019-03-19,ZA12KEHD,ST8000DM002,8001563222016,8001,8,1,0.0,23274.0,4.0,0.0,0.0,0.0,0.0,0.0
386,2019-03-19,96HCTBI7T,TOSHIBA MQ01ABF050,500107862016,500,0,1,0.0,18243.0,6.0,,,,24.0,0.0
387,2019-03-19,ZJV000NZ,ST12000NM0007,12000138625024,12000,12,1,18248.0,10373.0,7.0,42.0,393222.0,,16.0,16.0
388,2019-03-19,ZCH06VE2,ST12000NM0007,12000138625024,12000,12,1,29080.0,11193.0,6.0,18.0,0.0,,272.0,272.0
389,2019-03-19,Z3041J67,ST4000DM000,4000787030016,4000,4,1,0.0,29693.0,8.0,0.0,0.0,0.0,0.0,0.0
390,2019-03-20,S301NXNV,ST4000DM000,4000787030016,4000,4,1,0.0,30222.0,10.0,22.0,0.0,0.0,32.0,32.0
391,2019-03-20,ZCH0ASMB,ST12000NM0007,12000138625024,12000,12,1,2736.0,7546.0,4.0,6.0,0.0,,0.0,0.0
392,2019-03-20,ZCH06GX4,ST12000NM0007,12000138625024,12000,12,1,560.0,12184.0,3.0,0.0,0.0,,24.0,24.0
393,2019-03-20,ZCH07VX2,ST12000NM0007,12000138625024,12000,12,1,0.0,12236.0,3.0,0.0,0.0,,24.0,24.0
394,2019-03-20,Z304RKYC,ST4000DM000,4000787030016,4000,4,1,0.0,28725.0,13.0,13.0,0.0,0.0,16.0,16.0
395,2019-03-20,Z305BFRR,ST4000DM000,4000787030016,4000,4,1,0.0,24962.0,6.0,4.0,0.0,0.0,0.0,0.0
396,2019-03-21,ZA11VCRQ,ST8000DM002,8001563222016,8001,8,1,4448.0,23949.0,5.0,0.0,0.0,0.0,0.0,0.0
397,2019-03-21,ZJV1377T,ST12000NM0007,12000138625024,12000,12,1,2192.0,6235.0,3.0,3.0,0.0,,0.0,0.0
398,2019-03-22,Z3041NJE,ST4000DM000,4000787030016,4000,4,1,0.0,29760.0,8.0,0.0,0.0,0.0,0.0,0.0
399,2019-03-22,PL1331LAHBS2EH,HGST HMS5C4040BLE640,4000787030016,4000,4,1,0.0,24229.0,13.0,,,,0.0,0.0
400,2019-03-22,ZA13FB8F,ST8000DM002,8001563222016,8001,8,1,8.0,20231.0,7.0,6.0,0.0,0.0,16.0,16.0
401,2019-03-22,ZCH0966Y,ST12000NM0007,12000138625024,12000,12,1,0.0,7939.0,3.0,0.0,0.0,,0.0,0.0
402,2019-03-22,ZCH0BT7K,ST12000NM0007,12000138625024,12000,12,1,1640.0,10218.0,2.0,2.0,0.0,,0.0,0.0
403,2019-03-22,ZJV03ZVD,ST12000NM0007,12000138625024,12000,12,1,8.0,2692.0,2.0,0.0,0.0,,192.0,192.0
404,2019-03-22,57GGPD9FT,TOSHIBA MQ01ABF050,500107862016,500,0,1,0.0,9581.0,5.0,,,,8.0,0.0
405,2019-03-23,ZCH07Q3L,ST12000NM0007,12000138625024,12000,12,1,384.0,12425.0,3.0,0.0,0.0,,0.0,0.0
406,2019-03-23,Z302SZJZ,ST4000DM000,4000787030016,4000,4,1,1400.0,31395.0,6.0,18.0,0.0,0.0,384.0,384.0
407,2019-03-23,ZCH0CK5V,ST12000NM0007,12000138625024,12000,12,1,0.0,10455.0,1.0,0.0,0.0,,0.0,0.0
408,2019-03-24,ZA15AX9X,ST8000NM0055,8001563222016,8001,8,1,0.0,2355.0,1.0,0.0,0.0,0.0,0.0,0.0
409,2019-03-24,ZJV0WBZB,ST12000NM0007,12000138625024,12000,12,1,0.0,2744.0,10.0,0.0,4295032833.0,,0.0,0.0
410,2019-03-24,ZJV03PTB,ST12000NM0007,12000138625024,12000,12,1,0.0,7651.0,2.0,0.0,0.0,,176.0,176.0
411,2019-03-25,ZCH080T0,ST12000NM0007,12000138625024,12000,12,1,3040.0,12477.0,6.0,3.0,0.0,,0.0,0.0
412,2019-03-25,Z304HRM4,ST4000DM000,4000787030016,4000,4,1,24.0,29309.0,5.0,12.0,0.0,0.0,168.0,168.0
413,2019-03-25,Z302T88V,ST4000DM000,4000787030016,4000,4,1,0.0,31019.0,8.0,3.0,0.0,0.0,16.0,16.0
414,2019-03-25,ZCH07Y48,ST12000NM0007,12000138625024,12000,12,1,23536.0,11338.0,4.0,43.0,0.0,,0.0,0.0
415,2019-03-25,ZA1819G2,ST8000NM0055,8001563222016,8001,8,1,0.0,14397.0,7.0,6.0,0.0,0.0,16.0,16.0
416,2019-03-25,ZJV00FF1,ST12000NM0007,12000138625024,12000,12,1,0.0,10528.0,2.0,0.0,0.0,,0.0,0.0
417,2019-03-25,Z302SRFQ,ST4000DM000,4000787030016,4000,4,1,0.0,31176.0,7.0,0.0,0.0,0.0,0.0,0.0
418,2019-03-25,ZCH07CHP,ST12000NM0007,12000138625024,12000,12,1,10456.0,11331.0,2.0,9.0,0.0,,0.0,0.0
419,2019-03-26,57QEWPXET,TOSHIBA MQ01ABF050,500107862016,500,0,1,0.0,13658.0,5.0,,,,8.0,0.0
420,2019-03-26,ZJV00X8A,ST12000NM0007,12000138625024,12000,12,1,624.0,7670.0,9.0,0.0,0.0,,0.0,0.0
421,2019-03-26,Z3053NZ4,ST4000DM000,4000787030016,4000,4,1,4864.0,27390.0,9.0,23.0,0.0,0.0,40.0,40.0
422,2019-03-26,S300YC5D,ST4000DM000,4000787030016,4000,4,1,32.0,32330.0,4.0,16.0,0.0,0.0,0.0,0.0
423,2019-03-26,ZA1818FT,ST8000NM0055,8001563222016,8001,8,1,0.0,14421.0,1.0,0.0,0.0,0.0,0.0,0.0
424,2019-03-26,ZJV2EHF1,ST12000NM0007,12000138625024,12000,12,1,0.0,652.0,1.0,7.0,0.0,,32.0,32.0
425,2019-03-26,188DT94WT,TOSHIBA MQ01ABF050M,500107862016,500,0,1,0.0,7683.0,11.0,,,,0.0,0.0
426,2019-03-27,ZDEABF9Y,ST500LM030,500107862016,500,0,1,123.0,2350.0,4.0,11.0,0.0,0.0,16.0,16.0
427,2019-03-27,ZA1818F7,ST8000NM0055,8001563222016,8001,8,1,0.0,13795.0,2.0,0.0,0.0,0.0,0.0,0.0
428,2019-03-27,ZCH07FDM,ST12000NM0007,12000138625024,12000,12,1,16.0,12458.0,9.0,0.0,0.0,,96.0,96.0
429,2019-03-28,ZCH095YG,ST12000NM0007,12000138625024,12000,12,1,16.0,10771.0,8.0,0.0,0.0,,0.0,0.0
430,2019-03-28,66GHS5N1S,TOSHIBA MQ01ABF050,500107862016,500,0,1,0.0,19135.0,7.0,,,,8.0,0.0
431,2019-03-28,ZA12FREW,ST8000DM002,8001563222016,8001,8,1,2392.0,20384.0,2.0,1.0,0.0,0.0,0.0,0.0
432,2019-03-28,S301GQQV,ST4000DM000,4000787030016,4000,4,1,0.0,30813.0,7.0,38.0,0.0,0.0,56.0,56.0
433,2019-03-28,ZCH07415,ST12000NM0007,12000138625024,12000,12,1,1920.0,12706.0,4.0,0.0,0.0,,24.0,24.0
434,2019-03-28,Z304KCJZ,ST4000DM000,4000787030016,4000,4,1,8.0,29730.0,10.0,7.0,0.0,0.0,16.0,16.0
435,2019-03-28,S300Z7G1,ST4000DM000,4000787030016,4000,4,1,24.0,32374.0,6.0,7.0,0.0,0.0,0.0,0.0
436,2019-03-29,57GGPD9TT,TOSHIBA MQ01ABF050,500107862016,500,0,1,0.0,10598.0,6.0,,,,8.0,0.0
437,2019-03-29,ZCH02Z5J,ST12000NM0007,12000138625024,12000,12,1,0.0,9908.0,1.0,0.0,0.0,,0.0,0.0
438,2019-03-29,S2ZYJ9GF302327,ST500LM012 HN,500107862016,500,0,1,0.0,38036.0,19.0,,,,2.0,0.0
439,2019-03-29,ZCH0CZ0N,ST12000NM0007,12000138625024,12000,12,1,16.0,8105.0,1.0,0.0,0.0,,0.0,0.0
440,2019-03-29,Z302SZLQ,ST4000DM000,4000787030016,4000,4,1,0.0,31109.0,7.0,24.0,0.0,0.0,64.0,64.0
441,2019-03-29,S301NGZN,ST4000DM000,4000787030016,4000,4,1,0.0,29918.0,16.0,0.0,0.0,0.0,16.0,16.0
442,2019-03-29,ZA17G86N,ST8000NM0055,8001563222016,8001,8,1,418.0,13845.0,3.0,3.0,0.0,0.0,64.0,64.0
443,2019-03-30,S301GNWY,ST4000DM000,4000787030016,4000,4,1,0.0,31125.0,4.0,14.0,0.0,0.0,56.0,56.0
444,2019-01-01,S301GNWY,ST4000DM000,4000787030016,4000,4,0,0.0,29025.0,2.0,0.0,0.0,0.0,0.0,0.0
445,2019-01-02,S301GNWY,ST4000DM000,4000787030016,4000,4,0,0.0,29050.0,2.0,0.0,0.0,0.0,0.0,0.0
446,2019-01-03,S301GNWY,ST4000DM000,4000787030016,4000,4,0,0.0,29073.0,2.0,0.0,0.0,0.0,0.0,0.0
447,2019-01-04,S301GNWY,ST4000DM000,4000787030016,4000,4,0,0.0,29097.0,2.0,0.0,0.0,0.0,0.0,0.0
448,2019-01-05,S301GNWY,ST4000DM000,4000787030016,4000,4,0,0.0,29121.0,2.0,0.0,0.0,0.0,0.0,0.0
449,2019-01-06,S301GNWY,ST4000DM000,4000787030016,4000,4,0,0.0,29145.0,2.0,0.0,0.0,0.0,0.0,0.0
450,2019-01-07,S301GNWY,ST4000DM000,4000787030016,4000,4,0,0.0,29169.0,2.0,0.0,0.0,0.0,0.0,0.0
451,2019-01-08,S301GNWY,ST4000DM000,4000787030016,4000,4,0,0.0,29193.0,2.0,0.0,0.0,0.0,0.0,0.0
452,2019-01-09,S301GNWY,ST4000DM000,4000787030016,4000,4,0,0.0,29217.0,2.0,0.0,0.0,0.0,0.0,0.0
453,2019-01-10,S301GNWY,ST4000DM000,4000787030016,4000,4,0,0.0,29235.0,2.0,0.0,0.0,0.0,0.0,0.0
454,2019-01-11,S301GNWY,ST4000DM000,4000787030016,4000,4,0,0.0,29259.0,2.0,0.0,0.0,0.0,0.0,0.0
455,2019-01-12,S301GNWY,ST4000DM000,4000787030016,4000,4,0,0.0,29283.0,2.0,0.0,0.0,0.0,0.0,0.0
456,2019-01-13,S301GNWY,ST4000DM000,4000787030016,4000,4,0,0.0,29307.0,2.0,0.0,0.0,0.0,0.0,0.0
457,2019-01-14,S301GNWY,ST4000DM000,4000787030016,4000,4,0,0.0,29332.0,3.0,0.0,0.0,0.0,0.0,0.0
458,2019-01-15,S301GNWY,ST4000DM000,4000787030016,4000,4,0,0.0,29356.0,3.0,0.0,0.0,0.0,0.0,0.0
459,2019-01-16,S301GNWY,ST4000DM000,4000787030016,4000,4,0,0.0,29380.0,3.0,0.0,0.0,0.0,0.0,0.0
460,2019-01-17,S301GNWY,ST4000DM000,4000787030016,4000,4,0,0.0,29404.0,3.0,0.0,0.0,0.0,0.0,0.0
461,2019-01-18,S301GNWY,ST4000DM000,4000787030016,4000,4,0,0.0,29428.0,3.0,0.0,0.0,0.0,0.0,0.0
462,2019-01-19,S301GNWY,ST4000DM000,4000787030016,4000,4,0,0.0,29451.0,3.0,0.0,0.0,0.0,0.0,0.0
463,2019-01-20,S301GNWY,ST4000DM000,4000787030016,4000,4,0,0.0,29475.0,3.0,0.0,0.0,0.0,0.0,0.0
464,2019-01-21,S301GNWY,ST4000DM000,4000787030016,4000,4,0,0.0,29499.0,3.0,0.0,0.0,0.0,0.0,0.0
465,2019-01-22,S301GNWY,ST4000DM000,4000787030016,4000,4,0,0.0,29523.0,3.0,0.0,0.0,0.0,0.0,0.0
466,2019-01-23,S301GNWY,ST4000DM000,4000787030016,4000,4,0,0.0,29547.0,3.0,0.0,0.0,0.0,0.0,0.0
467,2019-01-24,S301GNWY,ST4000DM000,4000787030016,4000,4,0,0.0,29571.0,3.0,0.0,0.0,0.0,0.0,0.0
468,2019-01-25,S301GNWY,ST4000DM000,4000787030016,4000,4,0,0.0,29594.0,3.0,0.0,0.0,0.0,0.0,0.0
469,2019-01-26,S301GNWY,ST4000DM000,4000787030016,4000,4,0,0.0,29618.0,3.0,0.0,0.0,0.0,0.0,0.0
470,2019-01-27,S301GNWY,ST4000DM000,4000787030016,4000,4,0,0.0,29642.0,3.0,0.0,0.0,0.0,0.0,0.0
471,2019-01-28,S301GNWY,ST4000DM000,4000787030016,4000,4,0,0.0,29666.0,3.0,0.0,0.0,0.0,0.0,0.0
472,2019-01-29,S301GNWY,ST4000DM000,4000787030016,4000,4,0,0.0,29690.0,3.0,0.0,0.0,0.0,0.0,0.0
473,2019-01-30,S301GNWY,ST4000DM000,4000787030016,4000,4,0,0.0,29714.0,3.0,0.0,0.0,0.0,0.0,0.0
474,2019-01-31,S301GNWY,ST4000DM000,4000787030016,4000,4,0,0.0,29738.0,3.0,0.0,0.0,0.0,0.0,0.0
475,2019-02-01,S301GNWY,ST4000DM000,4000787030016,4000,4,0,0.0,29762.0,3.0,0.0,0.0,0.0,0.0,0.0
476,2019-02-02,S301GNWY,ST4000DM000,4000787030016,4000,4,0,0.0,29785.0,3.0,0.0,0.0,0.0,0.0,0.0
477,2019-02-03,S301GNWY,ST4000DM000,4000787030016,4000,4,0,0.0,29809.0,3.0,0.0,0.0,0.0,0.0,0.0
478,2019-02-04,S301GNWY,ST4000DM000,4000787030016,4000,4,0,0.0,29833.0,3.0,0.0,0.0,0.0,0.0,0.0
479,2019-02-05,S301GNWY,ST4000DM000,4000787030016,4000,4,0,0.0,29857.0,3.0,0.0,0.0,0.0,0.0,0.0
480,2019-02-06,S301GNWY,ST4000DM000,4000787030016,4000,4,0,0.0,29881.0,3.0,0.0,0.0,0.0,0.0,0.0
481,2019-02-07,S301GNWY,ST4000DM000,4000787030016,4000,4,0,0.0,29905.0,3.0,0.0,0.0,0.0,0.0,0.0
482,2019-02-08,S301GNWY,ST4000DM000,4000787030016,4000,4,0,0.0,29929.0,3.0,0.0,0.0,0.0,0.0,0.0
483,2019-02-09,S301GNWY,ST4000DM000,4000787030016,4000,4,0,0.0,29953.0,3.0,0.0,0.0,0.0,0.0,0.0
484,2019-02-10,S301GNWY,ST4000DM000,4000787030016,4000,4,0,0.0,29977.0,3.0,0.0,0.0,0.0,0.0,0.0
485,2019-02-11,S301GNWY,ST4000DM000,4000787030016,4000,4,0,0.0,30001.0,3.0,0.0,0.0,0.0,0.0,0.0
486,2019-02-12,S301GNWY,ST4000DM000,4000787030016,4000,4,0,0.0,30025.0,3.0,0.0,0.0,0.0,0.0,0.0
487,2019-02-13,S301GNWY,ST4000DM000,4000787030016,4000,4,0,0.0,30048.0,3.0,0.0,0.0,0.0,0.0,0.0
488,2019-02-14,S301GNWY,ST4000DM000,4000787030016,4000,4,0,0.0,30072.0,3.0,0.0,0.0,0.0,0.0,0.0
489,2019-02-15,S301GNWY,ST4000DM000,4000787030016,4000,4,0,0.0,30096.0,3.0,0.0,0.0,0.0,0.0,0.0
490,2019-02-16,S301GNWY,ST4000DM000,4000787030016,4000,4,0,0.0,30120.0,3.0,0.0,0.0,0.0,0.0,0.0
491,2019-02-17,S301GNWY,ST4000DM000,4000787030016,4000,4,0,0.0,30144.0,3.0,0.0,0.0,0.0,0.0,0.0
492,2019-02-18,S301GNWY,ST4000DM000,4000787030016,4000,4,0,0.0,30168.0,3.0,0.0,0.0,0.0,0.0,0.0
493,2019-02-19,S301GNWY,ST4000DM000,4000787030016,4000,4,0,0.0,30192.0,3.0,0.0,0.0,0.0,0.0,0.0
494,2019-02-20,S301GNWY,ST4000DM000,4000787030016,4000,4,0,0.0,30216.0,3.0,0.0,0.0,0.0,0.0,0.0
495,2019-02-21,S301GNWY,ST4000DM000,4000787030016,4000,4,0,0.0,30240.0,3.0,0.0,0.0,0.0,0.0,0.0
496,2019-02-22,S301GNWY,ST4000DM000,4000787030016,4000,4,0,0.0,30264.0,3.0,0.0,0.0,0.0,0.0,0.0
497,2019-02-23,S301GNWY,ST4000DM000,4000787030016,4000,4,0,0.0,30288.0,3.0,0.0,0.0,0.0,0.0,0.0
498,2019-02-24,S301GNWY,ST4000DM000,4000787030016,4000,4,0,0.0,30312.0,3.0,0.0,0.0,0.0,0.0,0.0
499,2019-02-25,S301GNWY,ST4000DM000,4000787030016,4000,4,0,0.0,30336.0,3.0,0.0,0.0,0.0,0.0,0.0
500,2019-02-26,S301GNWY,ST4000DM000,4000787030016,4000,4,0,0.0,30360.0,3.0,0.0,0.0,0.0,0.0,0.0
501,2019-02-27,S301GNWY,ST4000DM000,4000787030016,4000,4,0,0.0,30384.0,3.0,0.0,0.0,0.0,0.0,0.0
502,2019-02-28,S301GNWY,ST4000DM000,4000787030016,4000,4,0,0.0,30408.0,3.0,0.0,0.0,0.0,0.0,0.0
503,2019-03-01,S301GNWY,ST4000DM000,4000787030016,4000,4,0,0.0,30432.0,3.0,0.0,0.0,0.0,0.0,0.0
504,2019-03-02,S301GNWY,ST4000DM000,4000787030016,4000,4,0,0.0,30455.0,3.0,0.0,0.0,0.0,0.0,0.0
505,2019-03-03,S301GNWY,ST4000DM000,4000787030016,4000,4,0,0.0,30479.0,3.0,0.0,0.0,0.0,0.0,0.0
506,2019-03-04,S301GNWY,ST4000DM000,4000787030016,4000,4,0,0.0,30503.0,3.0,0.0,0.0,0.0,0.0,0.0
507,2019-03-05,S301GNWY,ST4000DM000,4000787030016,4000,4,0,0.0,30527.0,3.0,0.0,0.0,0.0,0.0,0.0
508,2019-03-06,S301GNWY,ST4000DM000,4000787030016,4000,4,0,0.0,30551.0,3.0,0.0,0.0,0.0,0.0,0.0
509,2019-03-07,S301GNWY,ST4000DM000,4000787030016,4000,4,0,0.0,30587.0,3.0,0.0,0.0,0.0,0.0,0.0
510,2019-03-08,S301GNWY,ST4000DM000,4000787030016,4000,4,0,0.0,30611.0,3.0,0.0,0.0,0.0,0.0,0.0
511,2019-03-09,S301GNWY,ST4000DM000,4000787030016,4000,4,0,0.0,30635.0,3.0,0.0,0.0,0.0,0.0,0.0
512,2019-03-10,S301GNWY,ST4000DM000,4000787030016,4000,4,0,0.0,30659.0,3.0,0.0,0.0,0.0,0.0,0.0
513,2019-03-11,S301GNWY,ST4000DM000,4000787030016,4000,4,0,0.0,30683.0,3.0,0.0,0.0,0.0,0.0,0.0
514,2019-03-12,S301GNWY,ST4000DM000,4000787030016,4000,4,0,0.0,30707.0,3.0,0.0,0.0,0.0,0.0,0.0
515,2019-03-13,S301GNWY,ST4000DM000,4000787030016,4000,4,0,0.0,30719.0,3.0,0.0,0.0,0.0,0.0,0.0
516,2019-03-14,S301GNWY,ST4000DM000,4000787030016,4000,4,0,0.0,30742.0,3.0,0.0,0.0,0.0,0.0,0.0
517,2019-03-15,S301GNWY,ST4000DM000,4000787030016,4000,4,0,0.0,30766.0,3.0,0.0,0.0,0.0,0.0,0.0
518,2019-03-16,S301GNWY,ST4000DM000,4000787030016,4000,4,0,0.0,30790.0,3.0,0.0,0.0,0.0,0.0,0.0
519,2019-03-17,S301GNWY,ST4000DM000,4000787030016,4000,4,0,0.0,30814.0,3.0,0.0,0.0,0.0,0.0,0.0
520,2019-03-18,S301GNWY,ST4000DM000,4000787030016,4000,4,0,0.0,30838.0,3.0,0.0,0.0,0.0,0.0,0.0
521,2019-03-19,S301GNWY,ST4000DM000,4000787030016,4000,4,0,0.0,30862.0,3.0,0.0,0.0,0.0,0.0,0.0
522,2019-03-20,S301GNWY,ST4000DM000,4000787030016,4000,4,0,0.0,30886.0,3.0,0.0,0.0,0.0,0.0,0.0
523,2019-03-21,S301GNWY,ST4000DM000,4000787030016,4000,4,0,0.0,30910.0,3.0,0.0,0.0,0.0,0.0,0.0
524,2019-03-22,S301GNWY,ST4000DM000,4000787030016,4000,4,0,0.0,30934.0,3.0,0.0,0.0,0.0,0.0,0.0
525,2019-03-23,S301GNWY,ST4000DM000,4000787030016,4000,4,0,0.0,30958.0,3.0,0.0,0.0,0.0,0.0,0.0
526,2019-03-24,S301GNWY,ST4000DM000,4000787030016,4000,4,0,0.0,30982.0,3.0,9.0,0.0,0.0,32.0,32.0
527,2019-03-25,S301GNWY,ST4000DM000,4000787030016,4000,4,0,0.0,31006.0,4.0,14.0,0.0,0.0,32.0,32.0
528,2019-03-26,S301GNWY,ST4000DM000,4000787030016,4000,4,0,0.0,31030.0,4.0,14.0,0.0,0.0,32.0,32.0
529,2019-03-27,S301GNWY,ST4000DM000,4000787030016,4000,4,0,0.0,31054.0,4.0,14.0,0.0,0.0,32.0,32.0
530,2019-03-28,S301GNWY,ST4000DM000,4000787030016,4000,4,0,0.0,31077.0,4.0,14.0,0.0,0.0,56.0,56.0
531,2019-03-29,S301GNWY,ST4000DM000,4000787030016,4000,4,0,0.0,31113.0,4.0,14.0,0.0,0.0,56.0,56.0
532,2019-03-30,S301GNWY,ST4000DM000,4000787030016,4000,4,1,0.0,31125.0,4.0,14.0,0.0,0.0,56.0,56.0
